<assembly>
<id>bundle</id>
<formats>
<format>zip</format>
</formats>

<dependencySets>
<dependencySet>
      <outputDirectory>lib</outputDirectory>
      <outputFileNameMapping>edsservice.${artifact.extension}</outputFileNameMapping>
      <fileMode>0755</fileMode>
</dependencySet>
</dependencySets>

<fileSets>
<fileSet>
	<directory>src/main/bin</directory>
	<outputDirectory>bin</outputDirectory>
	<filtered>false</filtered>
	<fileMode>0755</fileMode>
</fileSet>
<fileSet>
	<directory>src/main/resources</directory>
	<outputDirectory>etc</outputDirectory>
	<filtered>true</filtered>
	<fileMode>0644</fileMode>
</fileSet>
</fileSets>

</assembly>
