<?xml version="1.0" encoding="UTF-8"?>
<beans xmlns="http://www.springframework.org/schema/beans"
	xmlns:xsi="http://www.w3.org/2001/XMLSchema-instance" xmlns:aop="http://www.springframework.org/schema/aop"
	xmlns:context="http://www.springframework.org/schema/context" xmlns:tx="http://www.springframework.org/schema/tx"
	xsi:schemaLocation="http://www.springframework.org/schema/beans http://www.springframework.org/schema/beans/spring-beans-3.0.xsd
            http://www.springframework.org/schema/context http://www.springframework.org/schema/context/spring-context-3.0.xsd
            http://www.springframework.org/schema/aop http://www.springframework.org/schema/aop/spring-aop-3.0.xsd
            http://www.springframework.org/schema/tx http://www.springframework.org/schema/tx/spring-tx-3.0.xsd">

	<import resource="classpath:conf/core/dev-context.xml" />

	<!-- mvn clean install -DskipTests=true -->
	<!-- OrderWindowService -->
	<context:property-placeholder
		ignore-resource-not-found="true" location="classpath*:constant.properties" />
	<bean id="jobOrderService" class="com.edaisong.edsservice.service.OrderService"></bean>
	<bean id="jobOrderServiceDetail"
		class="org.springframework.scheduling.quartz.MethodInvokingJobDetailFactoryBean">
		<property name="targetObject">
			<ref bean="jobOrderService" />
		</property>
		<property name="targetMethod">
			<value>outTimeCanelOrder</value>
		</property>
	</bean>
	<bean id="doOrderService"
		class="org.springframework.scheduling.quartz.CronTriggerFactoryBean">
		<property name="jobDetail">
			<ref bean="jobOrderServiceDetail" />
		</property>
		<property name="cronExpression">
			<!-- <value>0 0 8 * * ?</value> -->
			<value>0 0/1 * * * ?</value>
		</property>
	</bean>
	
	<bean id="startQuertz" lazy-init="false" autowire="no"
		class="org.springframework.scheduling.quartz.SchedulerFactoryBean">
		<property name="triggers">
			<list>
				<ref bean="doOrderWindowService" />
			</list>
		</property>
	</bean>
</beans> 